{
  "all": [
    {
      "id": 1,
      "td1": "Banana,Fresh",
      "td2": "NCCDB",
      "calorie": "200",
      "unit": "2",
      "amount": "100"
    },
    {
      "id": 2,
      "td1": "Avocado,Black Skin",
      "td2": "NCCDB",
      "calorie": "300",
      "unit": "2",
      "amount": "100"
    },
    {
      "id": 3,
      "td1": "Apple,Fresh,With Skin",
      "td2": "NCCDB",
      "calorie": "300",
      "unit": "2",
      "amount": "100"
    },
    {
      "id": 4,
      "td1": "Tomato Raw, Includes Cherry,Grape,Roma",
      "td2": "NCCDB",
      "calorie": "300",
      "unit": "2",
      "amount": "100"
    },
    {
      "id": 5,
      "td1": "Chicken Breast,Skin Removed Before Cooking",
      "td2": "NCCDB",
      "calorie": "300",
      "unit": "2",
      "amount": "100"
    },
    {
      "id": 6,
      "td1": "Baby Spinach, Raw",
      "td2": "NCCDB",
      "calorie": "300",
      "unit": "2",
      "amount": "100"
    },
    {
      "id": 7,
      "td1": "Oatmeal,Regular or Quick Cookin, Dry",
      "td2": "NCCDB",
      "calorie": "300",
      "unit": "2",
      "amount": "100"
    },
    {
      "id": 8,
      "td1": "Olive Oil",
      "td2": "NCCDB",
      "calorie": "300",
      "unit": "2",
      "amount": "100"
    },
    {
      "id": 9,
      "td1": "Carrots, Raw",
      "td2": "NCCDB",
      "calorie": "300",
      "unit": "2",
      "amount": "100"
    },
    {
      "id": 10,
      "td1": "Tap Water",
      "td2": "NCCDB",
      "calorie": "300",
      "unit": "2",
      "amount": "100"
    },
    {
      "id": 11,
      "td1": "Broccoli,Cooked From Fresh",
      "td2": "NCCDB",
      "calorie": "300",
      "unit": "2",
      "amount": "100"
    },
    {
      "id": 12,
      "td1": "China Seeds ",
      "td2": "NCCDB",
      "calorie": "300",
      "unit": "2",
      "amount": "100"
    },
    {
      "id": 13,
      "td1": "Strawberries,Fresh",
      "td2": "NCCDB",
      "calorie": "300",
      "unit": "2",
      "amount": "100"
    },
    {
      "id": 14,
      "td1": "Walnuts",
      "td2": "NCCDB",
      "calorie": "300",
      "unit": "2",
      "amount": "100"
    },
    {
      "id": 15,
      "td1": "Blueberreis,Fresh",
      "td2": "NCCDB",
      "calorie": "300",
      "unit": "2",
      "amount": "100"
    },
    {
      "id": 16,
      "td1": "Onion,White,Yellow or Red,Raw",
      "td2": "NCCDB",
      "calorie": "300",
      "unit": "2",
      "amount": "100"
    },
    {
      "id": 17,
      "td1": "Cucumber,Raw,With Peel",
      "td2": "NCCDB",
      "calorie": "300",
      "unit": "2",
      "amount": "100"
    },
    {
      "id": 18,
      "td1": "Sweet Potato,Baked",
      "td2": "NCCDB",
      "calorie": "300",
      "unit": "2",
      "amount": "100"
    },
    {
      "id": 19,
      "td1": "Pepper,Sweet,Red,Raw",
      "td2": "NCCDB",
      "calorie": "300",
      "unit": "2",
      "amount": "100"
    },
    {
      "id": 20,
      "td1": "Rice,White,Long-Grain,Regular,Enriched,Cooked",
      "td2": "NCCDB",
      "calorie": "300",
      "unit": "2",
      "amount": "100"
    },
    {
      "id": 21,
      "td1": "Coffee,Prepared From Grounds",
      "td2": "NCCDB",
      "calorie": "300",
      "unit": "2",
      "amount": "100"
    },
    {
      "id": 22,
      "td1": "Butter,Salted",
      "td2": "NCCDB",
      "calorie": "300",
      "unit": "2",
      "amount": "100"
    },
    {
      "id": 23,
      "td1": "Flax Seeds,Not Fortified",
      "td2": "NCCDB",
      "calorie": "300",
      "unit": "2",
      "amount": "100"
    },
    {
      "id": 24,
      "td1": "Orange, Fresh",
      "td2": "NCCDB",
      "calorie": "300",
      "unit": "2",
      "amount": "100"
    },
    {
      "id": 25,
      "td1": "Broccoli,Raw",
      "td2": "NCCDB",
      "calorie": "300",
      "unit": "2",
      "amount": "100"
    },
    {
      "id": 26,
      "td1": "Egg. Whole,Cooked,Hard-Boiled",
      "td2": "NCCDB",
      "calorie": "300",
      "unit": "2",
      "amount": "100"
    },
    {
      "id": 27,
      "td1": "Almond Milk, Plain, Original, Unsweetened",
      "td2": "NCCDB",
      "calorie": "300",
      "unit": "2",
      "amount": "100"
    },
    {
      "id": 28,
      "td1": "Brown Rice,Cooked in Unsalted Water",
      "td2": "NCCDB",
      "calorie": "300",
      "unit": "2",
      "amount": "100"
    },
    {
      "id": 29,
      "td1": "Milk,Whole",
      "td2": "NCCDB",
      "calorie": "300",
      "unit": "2",
      "amount": "100"
    },
    {
      "id": 30,
      "td1": "Baby Kale,Raw",
      "td2": "NCCDB",
      "calorie": "300",
      "unit": "2",
      "amount": "100"
    },
    {
      "id": 31,
      "td1": "Blueberreis,Frozen, Unsweetened",
      "td2": "NCCDB",
      "calorie": "300",
      "unit": "2",
      "amount": "100"
    },
    {
      "id": 32,
      "td1": "Coconut Oil",
      "td2": "NCCDB",
      "calorie": "300",
      "unit": "2",
      "amount": "100"
    },
    {
      "id": 33,
      "td1": "Honey",
      "td2": "NCCDB",
      "calorie": "300",
      "unit": "2",
      "amount": "100"
    },
    {
      "id": 34,
      "td1": "Lettuce, Romaine or Cos",
      "td2": "NCCDB",
      "calorie": "300",
      "unit": "2",
      "amount": "100"
    },
    {
      "id": 35,
      "td1": "Potato,Boiled with Skin",
      "td2": "NCCDB",
      "calorie": "300",
      "unit": "2",
      "amount": "100"
    },
    {
      "id": 36,
      "td1": "Raw Egg",
      "td2": "NCCDB",
      "calorie": "300",
      "unit": "2",
      "amount": "100"
    },
    {
      "id": 37,
      "td1": "Sunflower Seeds, Raw",
      "td2": "NCCDB",
      "calorie": "300",
      "unit": "2",
      "amount": "100"
    },
    {
      "id": 38,
      "td1": "Almonds, Raw",
      "td2": "NCCDB",
      "calorie": "300",
      "unit": "2",
      "amount": "100"
    },
    {
      "id": 39,
      "td1": "Broccoli,Cooked From Frozen",
      "td2": "NCCDB",
      "calorie": "300",
      "unit": "2",
      "amount": "100"
    },
    {
      "id": 40,
      "td1": "Courgette,Raw",
      "td2": "NCCDB",
      "calorie": "300",
      "unit": "2",
      "amount": "100"
    },
    {
      "id": 41,
      "td1": "Grape,Red or Green(European Type,such as Thompsom Seedless), Adherent Skin, Raw",
      "td2": "NCCDB",
      "calorie": "300",
      "unit": "2",
      "amount": "100"
    },
    {
      "id": 42,
      "td1": "Mushrooms,Raw",
      "td2": "NCCDB",
      "calorie": "300",
      "unit": "2",
      "amount": "100"
    },
    {
      "id": 43,
      "td1": "Peanut Butter,Unsalted",
      "td2": "NCCDB",
      "calorie": "300",
      "unit": "2",
      "amount": "100"
    },
    {
      "id": 44,
      "td1": "Lentils,Boiled",
      "td2": "NCCDB",
      "calorie": "300",
      "unit": "2",
      "amount": "100"
    },
    {
      "id": 45,
      "td1": "Cheddar Cheese, Natural",
      "td2": "NCCDB",
      "calorie": "300",
      "unit": "2",
      "amount": "100"
    },
    {
      "id": 46,
      "td1": "Egg Whites Only, Cooked",
      "td2": "NCCDB",
      "calorie": "300",
      "unit": "2",
      "amount": "100"
    },
    {
      "id": 47,
      "td1": "Brazil Nuts,Unsalted",
      "td2": "NCCDB",
      "calorie": "300",
      "unit": "2",
      "amount": "100"
    },
    {
      "id": 48,
      "td1": "Butter, Unsalted",
      "td2": "NCCDB",
      "calorie": "300",
      "unit": "2",
      "amount": "1"
    },
    {
      "id": 49,
      "td1": "Mushrooms,Cooked from Fresh",
      "td2": "NCCDB",
      "calorie": "300",
      "unit": "2",
      "amount": "100"
    },
    {
      "id": 50,
      "td1": "Salmon,Atlantic, Wild, Cooked",
      "td2": "NCCDB",
      "calorie": "300",
      "unit": "2",
      "amount": "100"
    }
  ],
  "sentdata": []
}